{
	"class_name" : "PinholeCameraParameters",
	"extrinsic" : 
	[
		0.55629994250556458,
		0.50074862293090516,
		-0.65980399560468228,
		0.0,
		-0.03178360290474546,
		-0.78463841681785085,
		-0.62436011641863176,
		0.0,
		-0.83037351628932576,
		0.36550427013426101,
		-0.41813052078245733,
		0.0,
		1.4729993256943095,
		1.1291248722908642,
		5.3056565413678083,
		1.0
	],
	"intrinsic" : 
	{
		"height" : 1080,
		"intrinsic_matrix" : 
		[
			935.30743608719399,
			0.0,
			0.0,
			0.0,
			935.30743608719399,
			0.0,
			959.5,
			539.5,
			1.0
		],
		"width" : 1920
	},
	"version_major" : 1,
	"version_minor" : 0
}