{
	"class_name" : "PinholeCameraParameters",
	"extrinsic" : 
	[
		0.98771292854392756,
		0.084150177008050053,
		0.13168871818304087,
		0.0,
		0.12063013266234519,
		-0.94624635675987767,
		-0.30011031873716626,
		0.0,
		0.099355633363405818,
		0.31230846935069245,
		-0.94477080717536155,
		0.0,
		-1.2384703911935326,
		0.75180401123132856,
		3.4555393591193773,
		1.0
	],
	"intrinsic" : 
	{
		"height" : 1080,
		"intrinsic_matrix" : 
		[
			935.30743608719399,
			0.0,
			0.0,
			0.0,
			935.30743608719399,
			0.0,
			959.5,
			539.5,
			1.0
		],
		"width" : 1920
	},
	"version_major" : 1,
	"version_minor" : 0
}